Titre , Exercice
Imagier : Les animaux de la ferme - Version couleur,https://www.toupty.com/imagiers/animaux-ferme/imagier-animaux-ferme-couleur-cursive-1.pdf
 Imagier en couleur sans écriture,https://www.toupty.com/imagiers/animaux-ferme/imagier-animaux-ferme-couleur-sans-ecriture-1.pdf
 Imagier en couleur avec écriture cursive,https://www.toupty.com/imagiers/animaux-ferme/imagier-animaux-ferme-couleur-cursive-1.pdf
 Imagier en couleur avec écriture script,https://www.toupty.com/imagiers/animaux-ferme/imagier-animaux-ferme-couleur-script-1.pdf
 Imagier en couleur avec II écritures,https://www.toupty.com/imagiers/animaux-ferme/imagier-animaux-ferme-couleur-2-ecritures-1.pdf
Imagier : animaux de la ferme - Version Noir & Blanc,https://www.toupty.com/imagiers/animaux-ferme/imagier-animaux-ferme-nb-cursive-1.pdf
 Imagier noir et blanc sans écriture,https://www.toupty.com/imagiers/animaux-ferme/imagier-animaux-ferme-nb-sans-ecriture-1.pdf
 Imagier noir et blanc avec écriture cursive,https://www.toupty.com/imagiers/animaux-ferme/imagier-animaux-ferme-nb-cursive-1.pdf
 Imagier noir et blanc avec écriture script,https://www.toupty.com/imagiers/animaux-ferme/imagier-animaux-ferme-nb-script-1.pdf
 Imagier noir et blanc avec II écritures,https://www.toupty.com/imagiers/animaux-ferme/imagier-animaux-ferme-nb-2-ecritures-1.pdf
Imagier : animaux de la ferme - Version couleur,https://www.toupty.com/imagiers/animaux-ferme/imagier-animaux-ferme-couleur-cursive-2.pdf
 Imagier en couleur sans écriture,https://www.toupty.com/imagiers/animaux-ferme/imagier-animaux-ferme-couleur-sans-ecriture-2.pdf
 Imagier en couleur avec écriture cursive,https://www.toupty.com/imagiers/animaux-ferme/imagier-animaux-ferme-couleur-cursive-2.pdf
 Imagier en couleur avec écriture script,https://www.toupty.com/imagiers/animaux-ferme/imagier-animaux-ferme-couleur-script-2.pdf
 Imagier en couleur avec II écritures,https://www.toupty.com/imagiers/animaux-ferme/imagier-animaux-ferme-couleur-2-ecritures-2.pdf
Imagier : animaux de la ferme - Version Noir & Blanc,https://www.toupty.com/imagiers/animaux-ferme/imagier-animaux-ferme-nb-cursive-2.pdf
 Imagier noir et blanc sans écriture,https://www.toupty.com/imagiers/animaux-ferme/imagier-animaux-ferme-nb-sans-ecriture-2.pdf
 Imagier noir et blanc avec écriture cursive,https://www.toupty.com/imagiers/animaux-ferme/imagier-animaux-ferme-nb-cursive-2.pdf
 Imagier noir et blanc avec écriture script,https://www.toupty.com/imagiers/animaux-ferme/imagier-animaux-ferme-nb-script-2.pdf
 Imagier noir et blanc avec II écritures,https://www.toupty.com/imagiers/animaux-ferme/imagier-animaux-ferme-nb-2-ecritures-2.pdf
Imagier : animaux de la ferme - Version en Anglais,https://www.toupty.com/imagiers/animaux-ferme/imagier-animaux-ferme-couleur-2-ecritures-en-1.pdf
 Imagier en anglais couleur écriture cursive,https://www.toupty.com/imagiers/animaux-ferme/imagier-animaux-ferme-couleur-cursive-en-1.pdf
 Imagier en anglais couleur écriture script,https://www.toupty.com/imagiers/animaux-ferme/imagier-animaux-ferme-couleur-script-en-1.pdf
 Imagier en anglais couleur II écritures,https://www.toupty.com/imagiers/animaux-ferme/imagier-animaux-ferme-couleur-2-ecritures-en-1.pdf
 Imagier en anglais N&B écriture cursive,https://www.toupty.com/imagiers/animaux-ferme/imagier-animaux-ferme-nb-cursive-en-1.pdf
 Imagier en anglais N&B écriture script,https://www.toupty.com/imagiers/animaux-ferme/imagier-animaux-ferme-nb-script-en-1.pdf
 Imagier en anglais N&B II écritures,https://www.toupty.com/imagiers/animaux-ferme/imagier-animaux-ferme-nb-2-ecritures-en-1.pdf
Imagier : animaux de la ferme - Version en Anglais,https://www.toupty.com/imagiers/animaux-ferme/imagier-animaux-ferme-couleur-2-ecritures-en-2.pdf
 Imagier en anglais couleur écriture cursive,https://www.toupty.com/imagiers/animaux-ferme/imagier-animaux-ferme-couleur-cursive-en-2.pdf
 Imagier en anglais couleur écriture script,https://www.toupty.com/imagiers/animaux-ferme/imagier-animaux-ferme-couleur-script-en-2.pdf
 Imagier en anglais couleur II écritures,https://www.toupty.com/imagiers/animaux-ferme/imagier-animaux-ferme-couleur-2-ecritures-en-2.pdf
 Imagier en anglais N&B écriture cursive,https://www.toupty.com/imagiers/animaux-ferme/imagier-animaux-ferme-nb-cursive-en-2.pdf
 Imagier en anglais N&B écriture script,https://www.toupty.com/imagiers/animaux-ferme/imagier-animaux-ferme-nb-script-en-2.pdf
 Imagier en anglais N&B II écritures,https://www.toupty.com/imagiers/animaux-ferme/imagier-animaux-ferme-nb-2-ecritures-en-2.pdf
