Sujet, Contenu
DEVOIR N°1,https://www.easy-maths.org/index.php?option=com_docman&task=doc_download&gid=315&Itemid=118
DEVOIR N°2,https://www.easy-maths.org/index.php?option=com_docman&task=doc_download&gid=566&Itemid=118
DEVOIR N°3,https://www.easy-maths.org/index.php?option=com_docman&task=doc_download&gid=638&Itemid=118
DEVOIR N°4,https://www.easy-maths.org/index.php?option=com_docman&task=doc_download&gid=637&Itemid=118
DEVOIR N°5,https://www.easy-maths.org/index.php?option=com_docman&task=doc_download&gid=451&Itemid=118
DEVOIR N°6,https://www.easy-maths.org/index.php?option=com_docman&task=doc_download&gid=392&Itemid=118
DEVOIR N°7,https://www.easy-maths.org/index.php?option=com_docman&task=doc_download&gid=26&Itemid=118
DEVOIR N°8,https://www.easy-maths.org/index.php?option=com_docman&task=doc_download&gid=636&Itemid=118
DEVOIR N°9,https://www.easy-maths.org/index.php?option=com_docman&task=doc_download&gid=453&Itemid=118
DEVOIR N°10,https://www.easy-maths.org/index.php?option=com_docman&task=doc_download&gid=25&Itemid=118
DEVOIR N°11,https://www.easy-maths.org/index.php?option=com_docman&task=doc_download&gid=208&Itemid=118
DEVOIR N°12,https://www.easy-maths.org/index.php?option=com_docman&task=doc_download&gid=177&Itemid=118
DEVOIR N°13,https://www.easy-maths.org/index.php?option=com_docman&task=doc_download&gid=23&Itemid=118
DEVOIR N°14,https://www.easy-maths.org/index.php?option=com_docman&task=doc_download&gid=28&Itemid=118
DEVOIR N°15,https://www.easy-maths.org/index.php?option=com_docman&task=doc_download&gid=450&Itemid=118
DEVOIR N°16,https://www.easy-maths.org/index.php?option=com_docman&task=doc_download&gid=398&Itemid=118
DEVOIR N°17,https://www.easy-maths.org/index.php?option=com_docman&task=doc_download&gid=390&Itemid=118
DEVOIR N°18,https://www.easy-maths.org/index.php?option=com_docman&task=doc_download&gid=423&Itemid=118
DEVOIR N°19,https://www.easy-maths.org/index.php?option=com_docman&task=doc_download&gid=367&Itemid=118
DEVOIR N°20,https://www.easy-maths.org/index.php?option=com_docman&task=doc_download&gid=365&Itemid=118
DEVOIR N°21,https://www.easy-maths.org/index.php?option=com_docman&task=doc_download&gid=362&Itemid=118
DEVOIR N°22,https://www.easy-maths.org/index.php?option=com_docman&task=doc_download&gid=366&Itemid=118
DEVOIR N°23,https://www.easy-maths.org/index.php?option=com_docman&task=doc_download&gid=364&Itemid=118
DEVOIR N°24,https://www.easy-maths.org/index.php?option=com_docman&task=doc_download&gid=363&Itemid=118
DEVOIR N°25,https://www.easy-maths.org/index.php?option=com_docman&task=doc_download&gid=361&Itemid=118
DEVOIR N°26,https://www.easy-maths.org/index.php?option=com_docman&task=doc_download&gid=368&Itemid=118
DEVOIR N°27,https://www.easy-maths.org/index.php?option=com_docman&task=doc_download&gid=264&Itemid=118
DEVOIR N°28,https://www.easy-maths.org/index.php?option=com_docman&task=doc_download&gid=268&Itemid=118
DEVOIR N°29,https://www.easy-maths.org/index.php?option=com_docman&task=doc_download&gid=263&Itemid=118
DEVOIR N°30,https://www.easy-maths.org/index.php?option=com_docman&task=doc_download&gid=267&Itemid=118
DEVOIR N°31,https://www.easy-maths.org/index.php?option=com_docman&task=doc_download&gid=262&Itemid=118
DEVOIR N°32,https://www.easy-maths.org/index.php?option=com_docman&task=doc_download&gid=266&Itemid=118
DEVOIR N°33,https://www.easy-maths.org/index.php?option=com_docman&task=doc_download&gid=261&Itemid=118
DEVOIR N°34,https://www.easy-maths.org/index.php?option=com_docman&task=doc_download&gid=321&Itemid=118
DEVOIR N°35,https://www.easy-maths.org/index.php?option=com_docman&task=doc_download&gid=265&Itemid=118
DEVOIR N°36,https://www.easy-maths.org/index.php?option=com_docman&task=doc_download&gid=455&Itemid=118
DEVOIR N°37,https://www.easy-maths.org/index.php?option=com_docman&task=doc_download&gid=395&Itemid=118
DEVOIR N°38,https://www.easy-maths.org/index.php?option=com_docman&task=doc_download&gid=33&Itemid=118
DEVOIR N°39,https://www.easy-maths.org/index.php?option=com_docman&task=doc_download&gid=444&Itemid=118
DEVOIR N°40,https://www.easy-maths.org/index.php?option=com_docman&task=doc_download&gid=388&Itemid=118
DEVOIR N°41,https://www.easy-maths.org/index.php?option=com_docman&task=doc_download&gid=284&Itemid=118
DEVOIR N°42,https://www.easy-maths.org/index.php?option=com_docman&task=doc_download&gid=32&Itemid=118
DEVOIR N°43,https://www.easy-maths.org/index.php?option=com_docman&task=doc_download&gid=570&Itemid=118
DEVOIR N°44,https://www.easy-maths.org/index.php?option=com_docman&task=doc_download&gid=517&Itemid=118
DEVOIR N°45,https://www.easy-maths.org/index.php?option=com_docman&task=doc_download&gid=435&Itemid=118
DEVOIR N°46,https://www.easy-maths.org/index.php?option=com_docman&task=doc_download&gid=377&Itemid=118
DEVOIR N°47,https://www.easy-maths.org/index.php?option=com_docman&task=doc_download&gid=31&Itemid=118
DEVOIR N°48,https://www.easy-maths.org/index.php?option=com_docman&task=doc_download&gid=230&Itemid=118
DEVOIR N°49,https://www.easy-maths.org/index.php?option=com_docman&task=doc_download&gid=215&Itemid=118
DEVOIR N°50,https://www.easy-maths.org/index.php?option=com_docman&task=doc_download&gid=420&Itemid=118
DEVOIR N°51,https://www.easy-maths.org/index.php?option=com_docman&task=doc_download&gid=346&Itemid=118
DEVOIR N°52,https://www.easy-maths.org/index.php?option=com_docman&task=doc_download&gid=151&Itemid=118
DEVOIR N°53,https://www.easy-maths.org/index.php?option=com_docman&task=doc_download&gid=30&Itemid=118
DEVOIR N°54,https://www.easy-maths.org/index.php?option=com_docman&task=doc_download&gid=139&Itemid=118
DEVOIR N°55,https://www.easy-maths.org/index.php?option=com_docman&task=doc_download&gid=556&Itemid=118
DEVOIR N°56,https://www.easy-maths.org/index.php?option=com_docman&task=doc_download&gid=477&Itemid=118
DEVOIR N°57,https://www.easy-maths.org/index.php?option=com_docman&task=doc_download&gid=416&Itemid=118
DEVOIR N°58,https://www.easy-maths.org/index.php?option=com_docman&task=doc_download&gid=336&Itemid=118
DEVOIR N°59,https://www.easy-maths.org/index.php?option=com_docman&task=doc_download&gid=29&Itemid=118
DEVOIR N°60,https://www.easy-maths.org/index.php?option=com_docman&task=doc_download&gid=140&Itemid=118
DEVOIR N°61,https://www.easy-maths.org/index.php?option=com_docman&task=doc_download&gid=497&Itemid=118
DEVOIR N°62,https://www.easy-maths.org/index.php?option=com_docman&task=doc_download&gid=316&Itemid=118
DEVOIR N°63,https://www.easy-maths.org/index.php?option=com_docman&task=doc_download&gid=21&Itemid=118
DEVOIR N°64,https://www.easy-maths.org/index.php?option=com_docman&task=doc_download&gid=175&Itemid=118
DEVOIR N°65,https://www.easy-maths.org/index.php?option=com_docman&task=doc_download&gid=24&Itemid=118
DEVOIR N°66,https://www.easy-maths.org/index.php?option=com_docman&task=doc_download&gid=508&Itemid=118
DEVOIR N°67,https://www.easy-maths.org/index.php?option=com_docman&task=doc_download&gid=27&Itemid=118
DEVOIR N°68,https://www.easy-maths.org/index.php?option=com_docman&task=doc_download&gid=507&Itemid=118
DEVOIR N°69,https://www.easy-maths.org/index.php?option=com_docman&task=doc_download&gid=506&Itemid=118
DEVOIR N°70,https://www.easy-maths.org/index.php?option=com_docman&task=doc_download&gid=509&Itemid=118
DEVOIR N°71,https://www.easy-maths.org/index.php?option=com_docman&task=doc_download&gid=20&Itemid=118
DEVOIR N°72,https://www.easy-maths.org/index.php?option=com_docman&task=doc_download&gid=22&Itemid=118
DEVOIR N°73,https://www.easy-maths.org/index.php?option=com_docman&task=doc_download&gid=640&Itemid=118
DEVOIR N°74,https://www.easy-maths.org/index.php?option=com_docman&task=doc_download&gid=639&Itemid=118
DEVOIR N°75,https://www.easy-maths.org/index.php?option=com_docman&task=doc_download&gid=641&Itemid=118
DEVOIR N°76,https://www.easy-maths.org/index.php?option=com_docman&task=doc_download&gid=642&Itemid=118
DEVOIR N°77,https://www.easy-maths.org/index.php?option=com_docman&task=doc_download&gid=555&Itemid=118
DEVOIR N°78,https://www.easy-maths.org/index.php?option=com_docman&task=doc_download&gid=539&Itemid=118
DEVOIR N°79,https://www.easy-maths.org/index.php?option=com_docman&task=doc_download&gid=538&Itemid=118
DEVOIR N°80,https://www.easy-maths.org/index.php?option=com_docman&task=doc_download&gid=615&Itemid=118
DEVOIR N°81,https://www.easy-maths.org/index.php?option=com_docman&task=doc_download&gid=614&Itemid=118
DEVOIR N°82,https://www.easy-maths.org/index.php?option=com_docman&task=doc_download&gid=599&Itemid=118
DEVOIR N°83,https://www.easy-maths.org/index.php?option=com_docman&task=doc_download&gid=598&Itemid=118
DEVOIR N°84,https://www.easy-maths.org/index.php?option=com_docman&task=doc_download&gid=564&Itemid=118
DEVOIR N°85,https://www.easy-maths.org/index.php?option=com_docman&task=doc_download&gid=452&Itemid=118
DEVOIR N°86,https://www.easy-maths.org/index.php?option=com_docman&task=doc_download&gid=417&Itemid=118
DEVOIR N°87,https://www.easy-maths.org/index.php?option=com_docman&task=doc_download&gid=440&Itemid=118
DEVOIR N°88,https://www.easy-maths.org/index.php?option=com_docman&task=doc_download&gid=380&Itemid=118
DEVOIR N°89,https://www.easy-maths.org/index.php?option=com_docman&task=doc_download&gid=441&Itemid=118
DEVOIR N°90,https://www.easy-maths.org/index.php?option=com_docman&task=doc_download&gid=353&Itemid=118
